City,District,Year,Month,141_area,142_area,143_area,Reported_Wheat/Barley,141_sample_count,142_sample_count,143_sample_count,Total Sample,141_rate,142_rate,143_rate
Adana,Aladag,2022,1,250.9,4107.09,1455.07,2836.05,1,33,101,135,0.007407407,0.244444444,0.748148148
Adana,Ceyhan,2022,1,204.67,4284.35,17610.02,27172.71,1,33,101,135,0.007407407,0.244444444,0.748148148
Adana,Cukurova,2022,1,677.72,4063.56,1548.84,4419.45,1,33,101,135,0.007407407,0.244444444,0.748148148
Adana,Feke,2022,1,0,354.35,361.94,1531.13,1,33,101,135,0.007407407,0.244444444,0.748148148
Adana,Imamoglu,2022,1,415.32,5791.61,8633.27,13459.31,1,33,101,135,0.007407407,0.244444444,0.748148148
Adana,Karaisali,2022,1,654.64,9783.81,7982.48,12569.57,1,33,101,135,0.007407407,0.244444444,0.748148148
Adana,Karatas,2022,1,636.09,7121.84,7418.5,11321.72,1,33,101,135,0.007407407,0.244444444,0.748148148
Adana,Kozan,2022,1,246.07,9872.54,12076.29,18255.3,1,33,101,135,0.007407407,0.244444444,0.748148148
Adana,Pozanti,2022,1,109.44,2507.62,37.97,1486.05,1,33,101,135,0.007407407,0.244444444,0.748148148
Adana,Saimbeyli,2022,1,0,207.66,325.54,1912.21,1,33,101,135,0.007407407,0.244444444,0.748148148
Adana,Saricam,2022,1,3008.44,15653.19,11637.5,21760.37,1,33,101,135,0.007407407,0.244444444,0.748148148
Adana,Seyhan,2022,1,730.8,4288.24,2701.08,3770.4,1,33,101,135,0.007407407,0.244444444,0.748148148
Adana,Tufanbeyli,2022,1,0,12.5,77.58,1227.1,1,33,101,135,0.007407407,0.244444444,0.748148148
Adana,Yumurtalik,2022,1,1316.91,4134.47,4387.11,7076.05,1,33,101,135,0.007407407,0.244444444,0.748148148
Adana,Yuregir,2022,1,1287.83,8402.12,7814.76,9501.91,1,33,101,135,0.007407407,0.244444444,0.748148148
Adana,Aladag,2022,2,0,2539.94,502.25,2836.05,0,20,115,135,0,0.148148148,0.851851852
Adana,Ceyhan,2022,2,0,4247.05,17710.19,27172.71,0,20,115,135,0,0.148148148,0.851851852
Adana,Cukurova,2022,2,0,4050.82,1642.04,4419.45,0,20,115,135,0,0.148148148,0.851851852
Adana,Feke,2022,2,0,354.35,361.94,1531.13,0,20,115,135,0,0.148148148,0.851851852
Adana,Imamoglu,2022,2,0,5032.06,8785.98,13459.31,0,20,115,135,0,0.148148148,0.851851852
Adana,Karaisali,2022,2,0,8439.88,8254.36,12569.57,0,20,115,135,0,0.148148148,0.851851852
Adana,Karatas,2022,2,0,9695.04,6371.02,11321.72,0,20,115,135,0,0.148148148,0.851851852
Adana,Kozan,2022,2,0,10122.86,11782.77,18255.3,0,20,115,135,0,0.148148148,0.851851852
Adana,Pozanti,2022,2,0,1589.7,9.16,1486.05,0,20,115,135,0,0.148148148,0.851851852
Adana,Saimbeyli,2022,2,0,207.66,325.54,1912.21,0,20,115,135,0,0.148148148,0.851851852
Adana,Saricam,2022,2,0,16632.3,11815.76,21760.37,0,20,115,135,0,0.148148148,0.851851852
Adana,Seyhan,2022,2,0,4593.72,2298.61,3770.4,0,20,115,135,0,0.148148148,0.851851852
Adana,Tufanbeyli,2022,2,0,12.5,77.58,1227.1,0,20,115,135,0,0.148148148,0.851851852
Adana,Yumurtalik,2022,2,0,6144.36,4182.51,7076.05,0,20,115,135,0,0.148148148,0.851851852
Adana,Yuregir,2022,2,0,9318.46,6473.75,9501.91,0,20,115,135,0,0.148148148,0.851851852
Adana,Aladag,2022,3,0,0,639.24,2836.05,0,1,134,135,0,0.007407407,0.992592593
Adana,Ceyhan,2022,3,0,3453.04,18150.5,27172.71,0,1,134,135,0,0.007407407,0.992592593
Adana,Cukurova,2022,3,0,0,3571.75,4419.45,0,1,134,135,0,0.007407407,0.992592593
Adana,Feke,2022,3,0,354.35,361.94,1531.13,0,1,134,135,0,0.007407407,0.992592593
Adana,Imamoglu,2022,3,0,1352.04,10707.84,13459.31,0,1,134,135,0,0.007407407,0.992592593
Adana,Karaisali,2022,3,0,0,10335.98,12569.57,0,1,134,135,0,0.007407407,0.992592593
Adana,Karatas,2022,3,0,0,10480.72,11321.72,0,1,134,135,0,0.007407407,0.992592593
Adana,Kozan,2022,3,0,7370.22,12990.64,18255.3,0,1,134,135,0,0.007407407,0.992592593
Adana,Pozanti,2022,3,0,0,19.32,1486.05,0,1,134,135,0,0.007407407,0.992592593
Adana,Saimbeyli,2022,3,0,207.66,325.54,1912.21,0,1,134,135,0,0.007407407,0.992592593
Adana,Saricam,2022,3,0,1342.85,19390.62,21760.37,0,1,134,135,0,0.007407407,0.992592593
Adana,Seyhan,2022,3,0,0,4839.13,3770.4,0,1,134,135,0,0.007407407,0.992592593
Adana,Tufanbeyli,2022,3,0,12.5,77.58,1227.1,0,1,134,135,0,0.007407407,0.992592593
Adana,Yumurtalik,2022,3,0,750.96,5822.78,7076.05,0,1,134,135,0,0.007407407,0.992592593
Adana,Yuregir,2022,3,0,684.15,11667.52,9501.91,0,1,134,135,0,0.007407407,0.992592593
Adana,Aladag,2022,4,0,132.74,3179.49,2836.05,0,4,131,135,0,0.02962963,0.97037037
Adana,Ceyhan,2022,4,0,3483.3,18364.89,27172.71,0,4,131,135,0,0.02962963,0.97037037
Adana,Cukurova,2022,4,0,326.34,5344.9,4419.45,0,4,131,135,0,0.02962963,0.97037037
Adana,Feke,2022,4,0,354.35,362.29,1531.13,0,4,131,135,0,0.02962963,0.97037037
Adana,Imamoglu,2022,4,0,1622.77,12486.58,13459.31,0,4,131,135,0,0.02962963,0.97037037
Adana,Karaisali,2022,4,0,641.65,13810.2,12569.57,0,4,131,135,0,0.02962963,0.97037037
Adana,Karatas,2022,4,0,2262.83,11476.65,11321.72,0,4,131,135,0,0.02962963,0.97037037
Adana,Kozan,2022,4,0,7638.73,14032.9,18255.3,0,4,131,135,0,0.02962963,0.97037037
Adana,Pozanti,2022,4,0,107.53,2818.73,1486.05,0,4,131,135,0,0.02962963,0.97037037
Adana,Saimbeyli,2022,4,0,207.66,325.54,1912.21,0,4,131,135,0,0.02962963,0.97037037
Adana,Saricam,2022,4,0,2704.23,24568.61,21760.37,0,4,131,135,0,0.02962963,0.97037037
Adana,Seyhan,2022,4,0,1426.3,5567.17,3770.4,0,4,131,135,0,0.02962963,0.97037037
Adana,Tufanbeyli,2022,4,0,12.5,77.58,1227.1,0,4,131,135,0,0.02962963,0.97037037
Adana,Yumurtalik,2022,4,0,1347.81,6607.08,7076.05,0,4,131,135,0,0.02962963,0.97037037
Adana,Yuregir,2022,4,0,4618.35,11504.19,9501.91,0,4,131,135,0,0.02962963,0.97037037
Gaziantep,Araban,2022,1,9749.61,1743.25,16.4,13674.25,102,44,9,155,0.658064516,0.283870968,0.058064516
Gaziantep,Islahiye,2022,1,1696.41,3117.65,30.53,21086.55,102,44,9,155,0.658064516,0.283870968,0.058064516
Gaziantep,Karkamis,2022,1,4960.22,99.07,61.38,2540.29,102,44,9,155,0.658064516,0.283870968,0.058064516
Gaziantep,Merkez,2022,1,3613.28,120.43,8.27,3994.79,102,44,9,155,0.658064516,0.283870968,0.058064516
Gaziantep,Nizip,2022,1,8143.91,201.95,60.83,3472.42,102,44,9,155,0.658064516,0.283870968,0.058064516
Gaziantep,Nurdagi,2022,1,4029.11,2639.49,17.7,18811.58,102,44,9,155,0.658064516,0.283870968,0.058064516
Gaziantep,Oguzeli,2022,1,25157.09,1908.6,77.34,18788.07,102,44,9,155,0.658064516,0.283870968,0.058064516
Gaziantep,Sahinbey,2022,1,10455.87,991.6,33.75,17210.92,102,44,9,155,0.658064516,0.283870968,0.058064516
Gaziantep,Yavuzeli,2022,1,6442.27,204.67,39.92,4123.66,102,44,9,155,0.658064516,0.283870968,0.058064516
Gaziantep,Araban,2022,2,2777.93,7099.83,783.66,13674.25,10,99,46,155,0.064516129,0.638709677,0.296774194
Gaziantep,Islahiye,2022,2,191.43,2583.8,1734.72,21086.55,10,99,46,155,0.064516129,0.638709677,0.296774194
Gaziantep,Karkamis,2022,2,168.7,567.14,197.66,2540.29,10,99,46,155,0.064516129,0.638709677,0.296774194
Gaziantep,Merkez,2022,2,802.71,1236.27,43.33,3994.79,10,99,46,155,0.064516129,0.638709677,0.296774194
Gaziantep,Nizip,2022,2,1336.23,3382.91,181.28,3472.42,10,99,46,155,0.064516129,0.638709677,0.296774194
Gaziantep,Nurdagi,2022,2,333.83,5578.41,1178.41,18811.58,10,99,46,155,0.064516129,0.638709677,0.296774194
Gaziantep,Oguzeli,2022,2,1450.73,16141.1,1147.37,18788.07,10,99,46,155,0.064516129,0.638709677,0.296774194
Gaziantep,Sahinbey,2022,2,1698.83,6272.87,459.2,17210.92,10,99,46,155,0.064516129,0.638709677,0.296774194
Gaziantep,Yavuzeli,2022,2,3834.03,2490.47,157.8,4123.66,10,99,46,155,0.064516129,0.638709677,0.296774194
Gaziantep,Araban,2022,3,20.66,13.6,6320.14,13674.25,1,1,153,155,0.006451613,0.006451613,0.987096774
Gaziantep,Islahiye,2022,3,0.04,3.74,7492.35,21086.55,1,1,153,155,0.006451613,0.006451613,0.987096774
Gaziantep,Karkamis,2022,3,212.24,0.59,702.34,2540.29,1,1,153,155,0.006451613,0.006451613,0.987096774
Gaziantep,Merkez,2022,3,0.01,10.85,160.54,3994.79,1,1,153,155,0.006451613,0.006451613,0.987096774
Gaziantep,Nizip,2022,3,107.55,5.09,555.16,3472.42,1,1,153,155,0.006451613,0.006451613,0.987096774
Gaziantep,Nurdagi,2022,3,0.01,2.42,8294.65,18811.58,1,1,153,155,0.006451613,0.006451613,0.987096774
Gaziantep,Oguzeli,2022,3,2.92,3.62,8417.66,18788.07,1,1,153,155,0.006451613,0.006451613,0.987096774
Gaziantep,Sahinbey,2022,3,0,21.54,4325.87,17210.92,1,1,153,155,0.006451613,0.006451613,0.987096774
Gaziantep,Yavuzeli,2022,3,0.64,3.17,1939.11,4123.66,1,1,153,155,0.006451613,0.006451613,0.987096774
Gaziantep,Araban,2022,4,0,0,7139.41,13674.25,1,0,154,155,0.006451613,0,0.993548387
Gaziantep,Islahiye,2022,4,0,0,9040.98,21086.55,1,0,154,155,0.006451613,0,0.993548387
Gaziantep,Karkamis,2022,4,0,0,666.78,2540.29,1,0,154,155,0.006451613,0,0.993548387
Gaziantep,Merkez,2022,4,0,0,232.91,3994.79,1,0,154,155,0.006451613,0,0.993548387
Gaziantep,Nizip,2022,4,0,0,486.25,3472.42,1,0,154,155,0.006451613,0,0.993548387
Gaziantep,Nurdagi,2022,4,0,0,9631.54,18811.58,1,0,154,155,0.006451613,0,0.993548387
Gaziantep,Oguzeli,2022,4,0,0,6680.15,18788.07,1,0,154,155,0.006451613,0,0.993548387
Gaziantep,Sahinbey,2022,4,0,0,2732.06,17210.92,1,0,154,155,0.006451613,0,0.993548387
Gaziantep,Yavuzeli,2022,4,0,0,1934.9,4123.66,1,0,154,155,0.006451613,0,0.993548387
Kilis,Elbeyli,2022,1,11453.97,1092.13,12.77,8286.37,102,44,9,155,0.658064516,0.283870968,0.058064516
Kilis,Merkez,2022,1,12832.13,2888.04,36.29,5878.29,102,44,9,155,0.658064516,0.283870968,0.058064516
Kilis,Musabeyli,2022,1,1678.75,894.77,2.42,1106.66,102,44,9,155,0.658064516,0.283870968,0.058064516
Kilis,Polateli,2022,1,1982.64,645.4,16.97,1658.75,102,44,9,155,0.658064516,0.283870968,0.058064516
Kilis,Elbeyli,2022,2,782.92,7905.11,632.44,8286.37,10,99,46,155,0.064516129,0.638709677,0.296774194
Kilis,Merkez,2022,2,1191.32,8375.2,617.82,5878.29,10,99,46,155,0.064516129,0.638709677,0.296774194
Kilis,Musabeyli,2022,2,445.34,1093.02,61.65,1106.66,10,99,46,155,0.064516129,0.638709677,0.296774194
Kilis,Polateli,2022,2,243.98,1174.15,239.68,1658.75,10,99,46,155,0.064516129,0.638709677,0.296774194
Kilis,Elbeyli,2022,3,0.1,0.86,5132.73,8286.37,1,1,153,155,0.006451613,0.006451613,0.987096774
Kilis,Merkez,2022,3,0,1.6,3357.19,5878.29,1,1,153,155,0.006451613,0.006451613,0.987096774
Kilis,Musabeyli,2022,3,0,1.89,408.97,1106.66,1,1,153,155,0.006451613,0.006451613,0.987096774
Kilis,Polateli,2022,3,0,0.41,944.56,1658.75,1,1,153,155,0.006451613,0.006451613,0.987096774
Kilis,Elbeyli,2022,4,0,0,3564.65,8286.37,1,0,154,155,0.006451613,0,0.993548387
Kilis,Merkez,2022,4,0,0,2427.05,5878.29,1,0,154,155,0.006451613,0,0.993548387
Kilis,Musabeyli,2022,4,0,0,390.46,1106.66,1,0,154,155,0.006451613,0,0.993548387
Kilis,Polateli,2022,4,0,0,789.9,1658.75,1,0,154,155,0.006451613,0,0.993548387
Mardin,Dargecit,2022,1,837.45,126.24,21.32,2169.78,183,46,11,240,0.7625,0.191666667,0.045833333
Mardin,Derik,2022,1,73196.95,4913.69,3092.5,69622.24,183,46,11,240,0.7625,0.191666667,0.045833333
Mardin,Kiziltepe,2022,1,78436.25,10056.51,4927.26,92353.05,183,46,11,240,0.7625,0.191666667,0.045833333
Mardin,Mazidagi,2022,1,11929.83,1327.76,611.91,20298.09,183,46,11,240,0.7625,0.191666667,0.045833333
Mardin,Merkez,2022,1,17519.93,4274.78,1177.65,24334.95,183,46,11,240,0.7625,0.191666667,0.045833333
Mardin,Midyat,2022,1,10393.93,120.89,12.88,4984.53,183,46,11,240,0.7625,0.191666667,0.045833333
Mardin,Nusaybin,2022,1,20897.84,2018.25,698.44,28478.68,183,46,11,240,0.7625,0.191666667,0.045833333
Mardin,Omerli,2022,1,1040.44,61.59,12.62,735.05,183,46,11,240,0.7625,0.191666667,0.045833333
Mardin,Savur,2022,1,7103.95,575.6,271.58,8370.85,183,46,11,240,0.7625,0.191666667,0.045833333
Mardin,Yesilli,2022,1,838.37,136.73,85.94,1051.97,183,46,11,240,0.7625,0.191666667,0.045833333
Mardin,Dargecit,2022,2,279.37,244.23,18.39,2169.78,74,128,38,240,0.308333333,0.533333333,0.158333333
Mardin,Derik,2022,2,31054.46,37936.11,4773.78,69622.24,74,128,38,240,0.308333333,0.533333333,0.158333333
Mardin,Kiziltepe,2022,2,35591.32,48273.18,9960.9,92353.05,74,128,38,240,0.308333333,0.533333333,0.158333333
Mardin,Mazidagi,2022,2,7489.09,2805.74,241.36,20298.09,74,128,38,240,0.308333333,0.533333333,0.158333333
Mardin,Merkez,2022,2,9934.79,9191.56,3621.57,24334.95,74,128,38,240,0.308333333,0.533333333,0.158333333
Mardin,Midyat,2022,2,9783.62,283.81,18.2,4984.53,74,128,38,240,0.308333333,0.533333333,0.158333333
Mardin,Nusaybin,2022,2,11612.61,10859.39,3269.11,28478.68,74,128,38,240,0.308333333,0.533333333,0.158333333
Mardin,Omerli,2022,2,737.5,107.27,14.52,735.05,74,128,38,240,0.308333333,0.533333333,0.158333333
Mardin,Savur,2022,2,3292.15,1826.89,257.92,8370.85,74,128,38,240,0.308333333,0.533333333,0.158333333
Mardin,Yesilli,2022,2,427.12,405.56,51.22,1051.97,74,128,38,240,0.308333333,0.533333333,0.158333333
Mardin,Dargecit,2022,3,4.75,35.14,75.56,2169.78,3,18,210,231,0.012987013,0.077922078,0.909090909
Mardin,Derik,2022,3,103.42,7154.12,49585.26,69622.24,3,18,210,231,0.012987013,0.077922078,0.909090909
Mardin,Kiziltepe,2022,3,46.62,3142.29,80030.65,92353.05,3,18,210,231,0.012987013,0.077922078,0.909090909
Mardin,Mazidagi,2022,3,259.97,5136.51,2041.45,20298.09,3,18,210,231,0.012987013,0.077922078,0.909090909
Mardin,Merkez,2022,3,48.96,2000.12,17578.76,24334.95,3,18,210,231,0.012987013,0.077922078,0.909090909
Mardin,Midyat,2022,3,101.22,4031.31,197.77,4984.53,3,18,210,231,0.012987013,0.077922078,0.909090909
Mardin,Nusaybin,2022,3,85.24,2391.54,16106,28478.68,3,18,210,231,0.012987013,0.077922078,0.909090909
Mardin,Omerli,2022,3,6.69,287.37,52.69,735.05,3,18,210,231,0.012987013,0.077922078,0.909090909
Mardin,Savur,2022,3,147.46,1439.53,2231.3,8370.85,3,18,210,231,0.012987013,0.077922078,0.909090909
Mardin,Yesilli,2022,3,1,50.84,515.67,1051.97,3,18,210,231,0.012987013,0.077922078,0.909090909
Mardin,Dargecit,2022,4,2.65,466.99,906.28,2169.78,1,11,228,240,0.004166667,0.045833333,0.95
Mardin,Derik,2022,4,42.6,28291.41,56570.56,69622.24,1,11,228,240,0.004166667,0.045833333,0.95
Mardin,Kiziltepe,2022,4,17.03,10704.22,85673.56,92353.05,1,11,228,240,0.004166667,0.045833333,0.95
Mardin,Mazidagi,2022,4,173.93,7176.61,3557.34,20298.09,1,11,228,240,0.004166667,0.045833333,0.95
Mardin,Merkez,2022,4,19.87,4691.81,19958.69,24334.95,1,11,228,240,0.004166667,0.045833333,0.95
Mardin,Midyat,2022,4,32.34,3892.33,538.74,4984.53,1,11,228,240,0.004166667,0.045833333,0.95
Mardin,Nusaybin,2022,4,12.19,9534.75,17116.62,28478.68,1,11,228,240,0.004166667,0.045833333,0.95
Mardin,Omerli,2022,4,2.83,318.8,107.52,735.05,1,11,228,240,0.004166667,0.045833333,0.95
Mardin,Savur,2022,4,79.53,2551.72,2893.97,8370.85,1,11,228,240,0.004166667,0.045833333,0.95
Mardin,Yesilli,2022,4,0.59,194.48,639.32,1051.97,1,11,228,240,0.004166667,0.045833333,0.95
Sanliurfa,Akcakale,2022,1,18950.14,585.01,2093.53,31612.98,306,37,15,358,0.854748603,0.103351955,0.041899441
Sanliurfa,Birecik,2022,1,14948.74,599.51,366.03,9367.8,306,37,15,358,0.854748603,0.103351955,0.041899441
Sanliurfa,Bozova,2022,1,24001.52,367.66,172,11509.85,306,37,15,358,0.854748603,0.103351955,0.041899441
Sanliurfa,Ceylanpinar,2022,1,33174.82,3956.89,8109.37,57011.23,306,37,15,358,0.854748603,0.103351955,0.041899441
Sanliurfa,Halfeti,2022,1,9669.96,495.25,314.49,5600.3,306,37,15,358,0.854748603,0.103351955,0.041899441
Sanliurfa,Haliliye,2022,1,34800.46,359.54,475.01,37761.77,306,37,15,358,0.854748603,0.103351955,0.041899441
Sanliurfa,Harran,2022,1,14145.07,862.51,3311.3,25209.82,306,37,15,358,0.854748603,0.103351955,0.041899441
Sanliurfa,Hilvan,2022,1,19736.1,514.61,191.36,37781.47,306,37,15,358,0.854748603,0.103351955,0.041899441
Sanliurfa,Karakopru,2022,1,14644.41,36.95,45380,12703.63,306,37,15,358,0.854748603,0.103351955,0.041899441
Sanliurfa,Merkez,2022,1,18000.15,416.22,708.83,18959.73,306,37,15,358,0.854748603,0.103351955,0.041899441
Sanliurfa,Siverek,2022,1,28387.02,731.57,933.07,130153.3,306,37,15,358,0.854748603,0.103351955,0.041899441
Sanliurfa,Suruc,2022,1,18382.04,670.55,426.06,16112.79,306,37,15,358,0.854748603,0.103351955,0.041899441
Sanliurfa,Viransehir,2022,1,40452.76,3292.33,2808.68,86003.23,306,37,15,358,0.854748603,0.103351955,0.041899441
Sanliurfa,Akcakale,2022,2,25622.01,7826.1,4147.62,31612.98,235,218,75,528,0.445075758,0.412878788,0.142045455
Sanliurfa,Birecik,2022,2,16338.82,6752.61,1325.13,9367.8,235,218,75,528,0.445075758,0.412878788,0.142045455
Sanliurfa,Bozova,2022,2,23400.66,10524.27,1027.23,11509.85,235,218,75,528,0.445075758,0.412878788,0.142045455
Sanliurfa,Ceylanpinar,2022,2,34127.59,20639.98,18477.57,57011.23,235,218,75,528,0.445075758,0.412878788,0.142045455
Sanliurfa,Halfeti,2022,2,8186.39,7089.1,778.29,5600.3,235,218,75,528,0.445075758,0.412878788,0.142045455
Sanliurfa,Haliliye,2022,2,36744.72,11050.18,1223.92,37761.77,235,218,75,528,0.445075758,0.412878788,0.142045455
Sanliurfa,Harran,2022,2,17942.36,8549.34,5049.04,25209.82,235,218,75,528,0.445075758,0.412878788,0.142045455
Sanliurfa,Hilvan,2022,2,14373.43,7609.58,562.38,37781.47,235,218,75,528,0.445075758,0.412878788,0.142045455
Sanliurfa,Karakopru,2022,2,19382.95,1824.21,90.94,12703.63,235,218,75,528,0.445075758,0.412878788,0.142045455
Sanliurfa,Merkez,2022,2,20951.9,6008.86,1672.67,18959.73,235,218,75,528,0.445075758,0.412878788,0.142045455
Sanliurfa,Siverek,2022,2,20480.8,8436.59,2826.07,130153.3,235,218,75,528,0.445075758,0.412878788,0.142045455
Sanliurfa,Suruc,2022,2,20062.22,6386.01,1618.23,16112.79,235,218,75,528,0.445075758,0.412878788,0.142045455
Sanliurfa,Viransehir,2022,2,27576.45,22767.23,13347.09,86003.23,235,218,75,528,0.445075758,0.412878788,0.142045455
Sanliurfa,Akcakale,2022,3,2049.67,9653.55,18336.22,31612.98,24,166,338,528,0.045454545,0.314393939,0.640151515
Sanliurfa,Birecik,2022,3,1605.08,3592.41,3754.37,9367.8,24,166,338,528,0.045454545,0.314393939,0.640151515
Sanliurfa,Bozova,2022,3,3462.34,5435.81,4103.35,11509.85,24,166,338,528,0.045454545,0.314393939,0.640151515
Sanliurfa,Ceylanpinar,2022,3,5994.55,7745.67,40080.22,57011.23,24,166,338,528,0.045454545,0.314393939,0.640151515
Sanliurfa,Halfeti,2022,3,1733.32,2670.06,1515.28,5600.3,24,166,338,528,0.045454545,0.314393939,0.640151515
Sanliurfa,Haliliye,2022,3,3414.97,13644.56,16230.86,37761.77,24,166,338,528,0.045454545,0.314393939,0.640151515
Sanliurfa,Harran,2022,3,1015.23,5126.68,18322.61,25209.82,24,166,338,528,0.045454545,0.314393939,0.640151515
Sanliurfa,Hilvan,2022,3,1202.59,5348.59,12629.75,37781.47,24,166,338,528,0.045454545,0.314393939,0.640151515
Sanliurfa,Karakopru,2022,3,1786.56,3767.18,3343.88,12703.63,24,166,338,528,0.045454545,0.314393939,0.640151515
Sanliurfa,Merkez,2022,3,1695.12,7126.15,12012.26,18959.73,24,166,338,528,0.045454545,0.314393939,0.640151515
Sanliurfa,Siverek,2022,3,1576.96,9884.6,34876.2,130153.3,24,166,338,528,0.045454545,0.314393939,0.640151515
Sanliurfa,Suruc,2022,3,1564.8,6749.07,7545.66,16112.79,24,166,338,528,0.045454545,0.314393939,0.640151515
Sanliurfa,Viransehir,2022,3,3570.77,13185.03,53988.29,86003.23,24,166,338,528,0.045454545,0.314393939,0.640151515
Sanliurfa,Akcakale,2022,4,1223.27,2057.05,21832.13,31612.98,25,18,485,528,0.047348485,0.034090909,0.918560606
Sanliurfa,Birecik,2022,4,811.33,571.39,1203.37,9367.8,25,18,485,528,0.047348485,0.034090909,0.918560606
Sanliurfa,Bozova,2022,4,431.8,567.09,3516.66,11509.85,25,18,485,528,0.047348485,0.034090909,0.918560606
Sanliurfa,Ceylanpinar,2022,4,3660,557.22,42898.69,57011.23,25,18,485,528,0.047348485,0.034090909,0.918560606
Sanliurfa,Halfeti,2022,4,50.78,322.35,413.17,5600.3,25,18,485,528,0.047348485,0.034090909,0.918560606
Sanliurfa,Haliliye,2022,4,2426.91,2573.54,18952.54,37761.77,25,18,485,528,0.047348485,0.034090909,0.918560606
Sanliurfa,Harran,2022,4,539.46,967.34,20232.71,25209.82,25,18,485,528,0.047348485,0.034090909,0.918560606
Sanliurfa,Hilvan,2022,4,2210.1,1055.26,13320.05,37781.47,25,18,485,528,0.047348485,0.034090909,0.918560606
Sanliurfa,Karakopru,2022,4,2837.12,795,2794.62,12703.63,25,18,485,528,0.047348485,0.034090909,0.918560606
Sanliurfa,Merkez,2022,4,2176.03,1214.89,13146.71,18959.73,25,18,485,528,0.047348485,0.034090909,0.918560606
Sanliurfa,Siverek,2022,4,1148.4,1150.59,52248.18,130153.3,25,18,485,528,0.047348485,0.034090909,0.918560606
Sanliurfa,Suruc,2022,4,587.07,540.65,10176.2,16112.79,25,18,485,528,0.047348485,0.034090909,0.918560606
Sanliurfa,Viransehir,2022,4,3794.13,713.93,64019.45,86003.23,25,18,485,528,0.047348485,0.034090909,0.918560606
Adana,Aladag,2023,1,4598.86,105.35,2449.91,3665.91,12,18,131,161,0.074534161,0.111801242,0.813664596
Adana,Ceyhan,2023,1,56443.93,3107.18,17882.77,24321.67,12,18,131,161,0.074534161,0.111801242,0.813664596
Adana,Cukurova,2023,1,406.47,7.3,3187.82,5285.98,12,18,131,161,0.074534161,0.111801242,0.813664596
Adana,Feke,2023,1,2300.41,62.84,835.13,2774.48,12,18,131,161,0.074534161,0.111801242,0.813664596
Adana,Imamoglu,2023,1,9673.56,151.37,8855.68,11109.21,12,18,131,161,0.074534161,0.111801242,0.813664596
Adana,Karaisali,2023,1,2285.22,31.57,9101.7,10895.81,12,18,131,161,0.074534161,0.111801242,0.813664596
Adana,Karatas,2023,1,15176.66,1486.96,6970.11,7799.97,12,18,131,161,0.074534161,0.111801242,0.813664596
Adana,Kozan,2023,1,9683.54,73.6,12587.21,15821.63,12,18,131,161,0.074534161,0.111801242,0.813664596
Adana,Pozanti,2023,1,2170.57,159.64,171.89,1436.73,12,18,131,161,0.074534161,0.111801242,0.813664596
Adana,Saimbeyli,2023,1,1188.27,58.24,622.88,2828.9,12,18,131,161,0.074534161,0.111801242,0.813664596
Adana,Saricam,2023,1,2912.19,98.79,12115.74,22593.38,12,18,131,161,0.074534161,0.111801242,0.813664596
Adana,Seyhan,2023,1,5562.95,157.53,4040.7,3961.92,12,18,131,161,0.074534161,0.111801242,0.813664596
Adana,Tufanbeyli,2023,1,3392.55,46.46,619.05,3241.43,12,18,131,161,0.074534161,0.111801242,0.813664596
Adana,Yumurtalik,2023,1,5049.53,128.62,5141.96,10100.07,12,18,131,161,0.074534161,0.111801242,0.813664596
Adana,Yuregir,2023,1,13179.29,847.88,7996.53,11543.72,12,18,131,161,0.074534161,0.111801242,0.813664596
Gaziantep,Araban,2023,1,4800.37,2583.62,5951.9,10213.88,65,166,350,581,0.111876076,0.285714286,0.602409639
Gaziantep,Islahiye,2023,1,1105.83,4056,9520.53,15671.9,65,166,350,581,0.111876076,0.285714286,0.602409639
Gaziantep,Karkamis,2023,1,3236.95,1005.11,199.07,1926.04,65,166,350,581,0.111876076,0.285714286,0.602409639
Gaziantep,Merkez,2023,1,3428.52,2406.9,1330.82,3179.62,65,166,350,581,0.111876076,0.285714286,0.602409639
Gaziantep,Nizip,2023,1,7466.03,1694.58,299.6,1906.52,65,166,350,581,0.111876076,0.285714286,0.602409639
Gaziantep,Nurdagi,2023,1,797.94,3678.38,10492.13,14711.37,65,166,350,581,0.111876076,0.285714286,0.602409639
Gaziantep,Oguzeli,2023,1,10970.06,8082.97,2289.13,13740.5,65,166,350,581,0.111876076,0.285714286,0.602409639
Gaziantep,Sahinbey,2023,1,4708.57,5210.39,3947.54,12517.6,65,166,350,581,0.111876076,0.285714286,0.602409639
Gaziantep,Yavuzeli,2023,1,5473.3,1360.01,2350.81,3276.54,65,166,350,581,0.111876076,0.285714286,0.602409639
Kilis,Elbeyli,2023,1,4635.64,2896.03,632.15,6175.96,65,166,350,581,0.111876076,0.285714286,0.602409639
Kilis,Merkez,2023,1,7208.06,4960.99,2527.85,5562.4,65,166,350,581,0.111876076,0.285714286,0.602409639
Kilis,Musabeyli,2023,1,2913.73,2768.79,801.41,1518.31,65,166,350,581,0.111876076,0.285714286,0.602409639
Kilis,Polateli,2023,1,679.92,1134.52,1461.68,2553.37,65,166,350,581,0.111876076,0.285714286,0.602409639
Mardin,Dargecit,2023,1,266.45,3.8,1.55,1692.08,30,7,10,47,0.638297872,0.14893617,0.212765957
Mardin,Derik,2023,1,17114.09,4383.4,6808.21,67624.73,30,7,10,47,0.638297872,0.14893617,0.212765957
Mardin,Kiziltepe,2023,1,16428.98,287.93,1761.46,90901.44,30,7,10,47,0.638297872,0.14893617,0.212765957
Mardin,Mazidagi,2023,1,360.07,69.4,2040.51,17059.29,30,7,10,47,0.638297872,0.14893617,0.212765957
Mardin,Merkez,2023,1,4428.08,78.14,2583.05,23341.69,30,7,10,47,0.638297872,0.14893617,0.212765957
Mardin,Midyat,2023,1,725.72,36.02,9.77,4166.53,30,7,10,47,0.638297872,0.14893617,0.212765957
Mardin,Nusaybin,2023,1,2844.52,353.8,1789.48,25858.17,30,7,10,47,0.638297872,0.14893617,0.212765957
Mardin,Omerli,2023,1,68.21,1.27,4.36,642.96,30,7,10,47,0.638297872,0.14893617,0.212765957
Mardin,Savur,2023,1,419.08,46.04,295.42,7828.03,30,7,10,47,0.638297872,0.14893617,0.212765957
Mardin,Yesilli,2023,1,94.68,3.84,93.15,886.83,30,7,10,47,0.638297872,0.14893617,0.212765957
Sanliurfa,Akcakale,2023,1,2631.62,2570.79,9929.68,31430.95,129,95,102,326,0.395705521,0.291411043,0.312883436
Sanliurfa,Birecik,2023,1,297.88,629.62,6378.47,8534.28,129,95,102,326,0.395705521,0.291411043,0.312883436
Sanliurfa,Bozova,2023,1,859.55,1404.04,7714.26,12462.1,129,95,102,326,0.395705521,0.291411043,0.312883436
Sanliurfa,Ceylanpinar,2023,1,2589.21,1850.69,25655.32,57260.32,129,95,102,326,0.395705521,0.291411043,0.312883436
Sanliurfa,Halfeti,2023,1,143.41,232.96,2393.12,4317.87,129,95,102,326,0.395705521,0.291411043,0.312883436
Sanliurfa,Haliliye,2023,1,7150.31,1375.88,4875.96,37952.86,129,95,102,326,0.395705521,0.291411043,0.312883436
Sanliurfa,Harran,2023,1,1938.09,652.22,6345.41,27587.18,129,95,102,326,0.395705521,0.291411043,0.312883436
Sanliurfa,Hilvan,2023,1,11649.04,3453.8,3805.47,28507.82,129,95,102,326,0.395705521,0.291411043,0.312883436
Sanliurfa,Karakopru,2023,1,1352.41,961.76,3248.56,11773.54,129,95,102,326,0.395705521,0.291411043,0.312883436
Sanliurfa,Merkez,2023,1,3797.42,1819.34,7452.95,27317.11,129,95,102,326,0.395705521,0.291411043,0.312883436
Sanliurfa,Siverek,2023,1,51549.94,27228.8,18713.9,95084.07,129,95,102,326,0.395705521,0.291411043,0.312883436
Sanliurfa,Suruc,2023,1,3805.23,1263.19,4040.12,14495.33,129,95,102,326,0.395705521,0.291411043,0.312883436
Sanliurfa,Viransehir,2023,1,29518.09,15216.25,18960.13,83518.88,129,95,102,326,0.395705521,0.291411043,0.312883436
Adana,Aladag,2023,2,3840.07,1507.05,1655.95,3665.91,6,13,142,161,0.037267081,0.080745342,0.881987578
Adana,Ceyhan,2023,2,56418.41,3442.59,17918.62,24321.67,6,13,142,161,0.037267081,0.080745342,0.881987578
Adana,Cukurova,2023,2,357,1867.33,2956.25,5285.98,6,13,142,161,0.037267081,0.080745342,0.881987578
Adana,Feke,2023,2,2295.79,69.8,835.14,2774.48,6,13,142,161,0.037267081,0.080745342,0.881987578
Adana,Imamoglu,2023,2,9413.11,1644.44,8145.16,11109.21,6,13,142,161,0.037267081,0.080745342,0.881987578
Adana,Karaisali,2023,2,1741.16,2905.18,8093.77,10895.81,6,13,142,161,0.037267081,0.080745342,0.881987578
Adana,Karatas,2023,2,18059.51,5269.44,5934.13,7799.97,6,13,142,161,0.037267081,0.080745342,0.881987578
Adana,Kozan,2023,2,9532.55,1045,11928.08,15821.63,6,13,142,161,0.037267081,0.080745342,0.881987578
Adana,Pozanti,2023,2,1187.21,1679.97,300.22,1436.73,6,13,142,161,0.037267081,0.080745342,0.881987578
Adana,Saimbeyli,2023,2,1188.27,58.24,622.88,2828.9,6,13,142,161,0.037267081,0.080745342,0.881987578
Adana,Saricam,2023,2,2684.57,7289.26,10814.94,22593.38,6,13,142,161,0.037267081,0.080745342,0.881987578
Adana,Seyhan,2023,2,5890.86,2294.55,3212.89,3961.92,6,13,142,161,0.037267081,0.080745342,0.881987578
Adana,Tufanbeyli,2023,2,3392.55,46.46,619.05,3241.43,6,13,142,161,0.037267081,0.080745342,0.881987578
Adana,Yumurtalik,2023,2,5443.52,3798.86,4380.32,10100.07,6,13,142,161,0.037267081,0.080745342,0.881987578
Adana,Yuregir,2023,2,14844.6,4590.68,6143.13,11543.72,6,13,142,161,0.037267081,0.080745342,0.881987578
Gaziantep,Araban,2023,2,2424.45,509.18,5951.9,10213.88,16,78,487,581,0.027538726,0.134251291,0.838209983
Gaziantep,Islahiye,2023,2,601.22,496.03,9520.53,15671.9,16,78,487,581,0.027538726,0.134251291,0.838209983
Gaziantep,Karkamis,2023,2,316.3,466.72,199.07,1926.04,16,78,487,581,0.027538726,0.134251291,0.838209983
Gaziantep,Merkez,2023,2,2832.01,1344.36,1330.82,3179.62,16,78,487,581,0.027538726,0.134251291,0.838209983
Gaziantep,Nizip,2023,2,1327.54,1642.83,299.6,1906.52,16,78,487,581,0.027538726,0.134251291,0.838209983
Gaziantep,Nurdagi,2023,2,645.38,287.08,10492.13,14711.37,16,78,487,581,0.027538726,0.134251291,0.838209983
Gaziantep,Oguzeli,2023,2,468.42,2152.74,2289.13,13740.5,16,78,487,581,0.027538726,0.134251291,0.838209983
Gaziantep,Sahinbey,2023,2,1255.92,1169.67,3947.54,12517.6,16,78,487,581,0.027538726,0.134251291,0.838209983
Gaziantep,Yavuzeli,2023,2,1666.84,411.21,2350.81,3276.54,16,78,487,581,0.027538726,0.134251291,0.838209983
Kilis,Elbeyli,2023,2,119.9,813.45,140.63,6175.96,16,78,487,581,0.027538726,0.134251291,0.838209983
Kilis,Merkez,2023,2,363.86,699.4,632.15,5562.4,16,78,487,581,0.027538726,0.134251291,0.838209983
Kilis,Musabeyli,2023,2,512.03,98.88,2527.85,1518.31,16,78,487,581,0.027538726,0.134251291,0.838209983
Kilis,Polateli,2023,2,87.32,136.46,801.41,2553.37,16,78,487,581,0.027538726,0.134251291,0.838209983
Mardin,Dargecit,2023,2,38.88,60.34,8.14,1692.08,23,11,13,47,0.489361702,0.234042553,0.276595745
Mardin,Derik,2023,2,2238.77,12235.26,11013.37,67624.73,23,11,13,47,0.489361702,0.234042553,0.276595745
Mardin,Kiziltepe,2023,2,14206.03,18996.67,3771.13,90901.44,23,11,13,47,0.489361702,0.234042553,0.276595745
Mardin,Mazidagi,2023,2,239.13,58.76,368.96,17059.29,23,11,13,47,0.489361702,0.234042553,0.276595745
Mardin,Merkez,2023,2,1259.15,3888.53,3447.38,23341.69,23,11,13,47,0.489361702,0.234042553,0.276595745
Mardin,Midyat,2023,2,281.87,270.27,48.28,4166.53,23,11,13,47,0.489361702,0.234042553,0.276595745
Mardin,Nusaybin,2023,2,898.36,1710.81,2627.74,25858.17,23,11,13,47,0.489361702,0.234042553,0.276595745
Mardin,Omerli,2023,2,64.23,40.71,7.61,642.96,23,11,13,47,0.489361702,0.234042553,0.276595745
Mardin,Savur,2023,2,334.69,253.22,355.03,7828.03,23,11,13,47,0.489361702,0.234042553,0.276595745
Mardin,Yesilli,2023,2,43.9,76.46,101.4,886.83,23,11,13,47,0.489361702,0.234042553,0.276595745
Sanliurfa,Akcakale,2023,2,434.95,2325.09,18438.52,31430.95,73,119,134,326,0.22392638,0.365030675,0.411042945
Sanliurfa,Birecik,2023,2,115.95,301.55,6090.59,8534.28,73,119,134,326,0.22392638,0.365030675,0.411042945
Sanliurfa,Bozova,2023,2,383.18,853.5,7434.9,12462.1,73,119,134,326,0.22392638,0.365030675,0.411042945
Sanliurfa,Ceylanpinar,2023,2,76.34,3119.58,35186.34,57260.32,73,119,134,326,0.22392638,0.365030675,0.411042945
Sanliurfa,Halfeti,2023,2,92.4,64.29,1929.4,4317.87,73,119,134,326,0.22392638,0.365030675,0.411042945
Sanliurfa,Haliliye,2023,2,1728.49,2969.54,12150.85,37952.86,73,119,134,326,0.22392638,0.365030675,0.411042945
Sanliurfa,Harran,2023,2,112.87,1829.99,12221.97,27587.18,73,119,134,326,0.22392638,0.365030675,0.411042945
Sanliurfa,Hilvan,2023,2,4532.19,5529.34,5490.74,28507.82,73,119,134,326,0.22392638,0.365030675,0.411042945
Sanliurfa,Karakopru,2023,2,757.24,940.62,3310.25,11773.54,73,119,134,326,0.22392638,0.365030675,0.411042945
Sanliurfa,Merkez,2023,2,734.73,3435.17,14873.08,27317.11,73,119,134,326,0.22392638,0.365030675,0.411042945
Sanliurfa,Siverek,2023,2,33827.49,37487.28,21902.06,95084.07,73,119,134,326,0.22392638,0.365030675,0.411042945
Sanliurfa,Suruc,2023,2,1199.18,1569.73,6708.2,14495.33,73,119,134,326,0.22392638,0.365030675,0.411042945
Sanliurfa,Viransehir,2023,2,16896.44,27124.08,24831.57,83518.88,73,119,134,326,0.22392638,0.365030675,0.411042945
Adana,Aladag,2023,3,7008.33,3975.76,2393.19,3665.91,6,8,147,161,0.037267081,0.049689441,0.913043478
Adana,Ceyhan,2023,3,56445.45,3376.55,18021.73,24321.67,6,8,147,161,0.037267081,0.049689441,0.913043478
Adana,Cukurova,2023,3,693.26,2644.28,2982.45,5285.98,6,8,147,161,0.037267081,0.049689441,0.913043478
Adana,Feke,2023,3,2298.64,64.84,835.38,2774.48,6,8,147,161,0.037267081,0.049689441,0.913043478
Adana,Imamoglu,2023,3,9638.89,2197.63,8580.84,11109.21,6,8,147,161,0.037267081,0.049689441,0.913043478
Adana,Karaisali,2023,3,4107.66,6952.59,8336.28,10895.81,6,8,147,161,0.037267081,0.049689441,0.913043478
Adana,Karatas,2023,3,22382.39,3624.2,7695.53,7799.97,6,8,147,161,0.037267081,0.049689441,0.913043478
Adana,Kozan,2023,3,9968.51,1388.86,12266.53,15821.63,6,8,147,161,0.037267081,0.049689441,0.913043478
Adana,Pozanti,2023,3,6562.65,3728.8,684.56,1436.73,6,8,147,161,0.037267081,0.049689441,0.913043478
Adana,Saimbeyli,2023,3,1188.27,58.24,622.88,2828.9,6,8,147,161,0.037267081,0.049689441,0.913043478
Adana,Saricam,2023,3,3525.18,8828.63,12384.75,22593.38,6,8,147,161,0.037267081,0.049689441,0.913043478
Adana,Seyhan,2023,3,8951.23,3116.17,3751.77,3961.92,6,8,147,161,0.037267081,0.049689441,0.913043478
Adana,Tufanbeyli,2023,3,3392.55,46.46,619.05,3241.43,6,8,147,161,0.037267081,0.049689441,0.913043478
Adana,Yumurtalik,2023,3,5991.29,1898.82,5159.28,10100.07,6,8,147,161,0.037267081,0.049689441,0.913043478
Adana,Yuregir,2023,3,17722.01,5426.37,8177.76,11543.72,6,8,147,161,0.037267081,0.049689441,0.913043478
Gaziantep,Araban,2023,3,9.64,5.05,8758.39,10213.88,4,2,575,581,0.006884682,0.003442341,0.989672978
Gaziantep,Islahiye,2023,3,23.64,2.61,14901.99,15671.9,4,2,575,581,0.006884682,0.003442341,0.989672978
Gaziantep,Karkamis,2023,3,0.78,0.1,1689.26,1926.04,4,2,575,581,0.006884682,0.003442341,0.989672978
Gaziantep,Merkez,2023,3,7.07,8.66,2208.01,3179.62,4,2,575,581,0.006884682,0.003442341,0.989672978
Gaziantep,Nizip,2023,3,7.2,1.48,1150.25,1906.52,4,2,575,581,0.006884682,0.003442341,0.989672978
Gaziantep,Nurdagi,2023,3,91.46,4.55,14381.05,14711.37,4,2,575,581,0.006884682,0.003442341,0.989672978
Gaziantep,Oguzeli,2023,3,1.15,0.17,11615.57,13740.5,4,2,575,581,0.006884682,0.003442341,0.989672978
Gaziantep,Sahinbey,2023,3,3.61,1.29,7208.69,12517.6,4,2,575,581,0.006884682,0.003442341,0.989672978
Gaziantep,Yavuzeli,2023,3,7.71,7.49,3062.47,3276.54,4,2,575,581,0.006884682,0.003442341,0.989672978
Kilis,Elbeyli,2023,3,0.29,0.4,1461.68,6175.96,4,2,575,581,0.006884682,0.003442341,0.989672978
Kilis,Merkez,2023,3,1.07,0.21,3571.06,5562.4,4,2,575,581,0.006884682,0.003442341,0.989672978
Kilis,Musabeyli,2023,3,2.14,0.31,1229.41,1518.31,4,2,575,581,0.006884682,0.003442341,0.989672978
Kilis,Polateli,2023,3,0.04,0.04,1839.18,2553.37,4,2,575,581,0.006884682,0.003442341,0.989672978
Mardin,Dargecit,2023,3,19.44,30.645,9.295,1692.08,2,5,30,37,0.054054054,0.135135135,0.810810811
Mardin,Derik,2023,3,1119.385,6209.86,26198.005,67624.73,2,5,30,37,0.054054054,0.135135135,0.810810811
Mardin,Kiziltepe,2023,3,7103.015,9506.59,38868.5,90901.44,2,5,30,37,0.054054054,0.135135135,0.810810811
Mardin,Mazidagi,2023,3,119.565,29.52,370.035,17059.29,2,5,30,37,0.054054054,0.135135135,0.810810811
Mardin,Merkez,2023,3,629.575,1963.345,7912.37,23341.69,2,5,30,37,0.054054054,0.135135135,0.810810811
Mardin,Midyat,2023,3,140.935,137.125,67.91,4166.53,2,5,30,37,0.054054054,0.135135135,0.810810811
Mardin,Nusaybin,2023,3,449.18,988.485,2051.59,25858.17,2,5,30,37,0.054054054,0.135135135,0.810810811
Mardin,Omerli,2023,3,32.115,20.39,17.595,642.96,2,5,30,37,0.054054054,0.135135135,0.810810811
Mardin,Savur,2023,3,167.345,128.13,869.545,7828.03,2,5,30,37,0.054054054,0.135135135,0.810810811
Mardin,Yesilli,2023,3,21.95,38.485,195.215,886.83,2,5,30,37,0.054054054,0.135135135,0.810810811
Sanliurfa,Akcakale,2023,3,2187.75,256.41,29925.64,31430.95,19,31,222,272,0.069852941,0.113970588,0.816176471
Sanliurfa,Birecik,2023,3,5083.26,15.89,7323.37,8534.28,19,31,222,272,0.069852941,0.113970588,0.816176471
Sanliurfa,Bozova,2023,3,7337.69,62.03,8236.85,12462.1,19,31,222,272,0.069852941,0.113970588,0.816176471
Sanliurfa,Ceylanpinar,2023,3,562.43,31199,48439.46,57260.32,19,31,222,272,0.069852941,0.113970588,0.816176471
Sanliurfa,Halfeti,2023,3,2694.4,44774,2233.63,4317.87,19,31,222,272,0.069852941,0.113970588,0.816176471
Sanliurfa,Haliliye,2023,3,825.75,1018.28,19522.03,37952.86,19,31,222,272,0.069852941,0.113970588,0.816176471
Sanliurfa,Harran,2023,3,1221.37,45395,23010.14,27587.18,19,31,222,272,0.069852941,0.113970588,0.816176471
Sanliurfa,Hilvan,2023,3,872.1,2733.53,14141.73,28507.82,19,31,222,272,0.069852941,0.113970588,0.816176471
Sanliurfa,Karakopru,2023,3,3767.14,197.56,4552.23,11773.54,19,31,222,272,0.069852941,0.113970588,0.816176471
Sanliurfa,Merkez,2023,3,921.91,168.02,22636.58,27317.11,19,31,222,272,0.069852941,0.113970588,0.816176471
Sanliurfa,Siverek,2023,3,599.47,19470.35,74312.47,95084.07,19,31,222,272,0.069852941,0.113970588,0.816176471
Sanliurfa,Suruc,2023,3,3195.83,163.82,11749.08,14495.33,19,31,222,272,0.069852941,0.113970588,0.816176471
Sanliurfa,Viransehir,2023,3,346.02,8957.91,66382.81,83518.88,19,31,222,272,0.069852941,0.113970588,0.816176471
Adana,Aladag,2023,4,7034.12,2616.09,2863.82,3665.91,3,12,146,161,0.01863354,0.074534161,0.906832298
Adana,Ceyhan,2023,4,56397.8,3156.76,18231.14,24321.67,3,12,146,161,0.01863354,0.074534161,0.906832298
Adana,Cukurova,2023,4,696.8,286.96,4122.89,5285.98,3,12,146,161,0.01863354,0.074534161,0.906832298
Adana,Feke,2023,4,2299.1,62.98,835.32,2774.48,3,12,146,161,0.01863354,0.074534161,0.906832298
Adana,Imamoglu,2023,4,8734.25,1354.72,10071.06,11109.21,3,12,146,161,0.01863354,0.074534161,0.906832298
Adana,Karaisali,2023,4,4712.59,1607.28,10690.01,10895.81,3,12,146,161,0.01863354,0.074534161,0.906832298
Adana,Karatas,2023,4,17370.74,6564.03,8318.63,7799.97,3,12,146,161,0.01863354,0.074534161,0.906832298
Adana,Kozan,2023,4,9874.09,352.62,12860.64,15821.63,3,12,146,161,0.01863354,0.074534161,0.906832298
Adana,Pozanti,2023,4,7137.21,1529.03,473.08,1436.73,3,12,146,161,0.01863354,0.074534161,0.906832298
Adana,Saimbeyli,2023,4,1188.27,58.24,622.88,2828.9,3,12,146,161,0.01863354,0.074534161,0.906832298
Adana,Saricam,2023,4,2081.09,2032.66,17012.3,22593.38,3,12,146,161,0.01863354,0.074534161,0.906832298
Adana,Seyhan,2023,4,5752.67,4609.89,5004.54,3961.92,3,12,146,161,0.01863354,0.074534161,0.906832298
Adana,Tufanbeyli,2023,4,3392.55,46.46,619.05,3241.43,3,12,146,161,0.01863354,0.074534161,0.906832298
Adana,Yumurtalik,2023,4,5596.96,1075.45,5538.7,10100.07,3,12,146,161,0.01863354,0.074534161,0.906832298
Adana,Yuregir,2023,4,12200.26,7524.74,10154.22,11543.72,3,12,146,161,0.01863354,0.074534161,0.906832298
Gaziantep,Araban,2023,4,0,0,9899.46,10213.88,1,3,577,581,0.00172117,0.005163511,0.993115318
Gaziantep,Islahiye,2023,4,0,0,14603.93,15671.9,1,3,577,581,0.00172117,0.005163511,0.993115318
Gaziantep,Karkamis,2023,4,0,0,1626.24,1926.04,1,3,577,581,0.00172117,0.005163511,0.993115318
Gaziantep,Merkez,2023,4,0,0,2546.01,3179.62,1,3,577,581,0.00172117,0.005163511,0.993115318
Gaziantep,Nizip,2023,4,0,0,1039.49,1906.52,1,3,577,581,0.00172117,0.005163511,0.993115318
Gaziantep,Nurdagi,2023,4,0,0,14596.99,14711.37,1,3,577,581,0.00172117,0.005163511,0.993115318
Gaziantep,Oguzeli,2023,4,0,0,11825.69,13740.5,1,3,577,581,0.00172117,0.005163511,0.993115318
Gaziantep,Sahinbey,2023,4,0,0,8203.63,12517.6,1,3,577,581,0.00172117,0.005163511,0.993115318
Gaziantep,Yavuzeli,2023,4,0,0,3070.56,3276.54,1,3,577,581,0.00172117,0.005163511,0.993115318
Kilis,Elbeyli,2023,4,0,0,5708.81,6175.96,1,3,577,581,0.00172117,0.005163511,0.993115318
Kilis,Merkez,2023,4,0,0,3855.19,5562.4,1,3,577,581,0.00172117,0.005163511,0.993115318
Kilis,Musabeyli,2023,4,0,0,1195.28,1518.31,1,3,577,581,0.00172117,0.005163511,0.993115318
Kilis,Polateli,2023,4,0,0,1965.45,2553.37,1,3,577,581,0.00172117,0.005163511,0.993115318
Mardin,Dargecit,2023,4,0,0.95,10.45,1692.08,0,1,40,41,0,0.024390244,0.975609756
Mardin,Derik,2023,4,0,184.46,41382.64,67624.73,0,1,40,41,0,0.024390244,0.975609756
Mardin,Kiziltepe,2023,4,0,16.51,73965.87,90901.44,0,1,40,41,0,0.024390244,0.975609756
Mardin,Mazidagi,2023,4,0,0.28,371.11,17059.29,0,1,40,41,0,0.024390244,0.975609756
Mardin,Merkez,2023,4,0,38.16,12377.36,23341.69,0,1,40,41,0,0.024390244,0.975609756
Mardin,Midyat,2023,4,0,3.98,87.54,4166.53,0,1,40,41,0,0.024390244,0.975609756
Mardin,Nusaybin,2023,4,0,266.16,1475.44,25858.17,0,1,40,41,0,0.024390244,0.975609756
Mardin,Omerli,2023,4,0,0.07,27.58,642.96,0,1,40,41,0,0.024390244,0.975609756
Mardin,Savur,2023,4,0,3.04,1384.06,7828.03,0,1,40,41,0,0.024390244,0.975609756
Mardin,Yesilli,2023,4,0,0.51,289.03,886.83,0,1,40,41,0,0.024390244,0.975609756
Sanliurfa,Akcakale,2023,4,2718.98,6272.27,37433.77,31430.95,17,15,289,321,0.052959502,0.046728972,0.900311526
Sanliurfa,Birecik,2023,4,5806.71,6782.7,2120.05,8534.28,17,15,289,321,0.052959502,0.046728972,0.900311526
Sanliurfa,Bozova,2023,4,8895.23,7218.19,5490.87,12462.1,17,15,289,321,0.052959502,0.046728972,0.900311526
Sanliurfa,Ceylanpinar,2023,4,1013.77,11167.18,52524.88,57260.32,17,15,289,321,0.052959502,0.046728972,0.900311526
Sanliurfa,Halfeti,2023,4,3223.56,4204.94,567.46,4317.87,17,15,289,321,0.052959502,0.046728972,0.900311526
Sanliurfa,Haliliye,2023,4,1713.47,4612.31,31443.63,37952.86,17,15,289,321,0.052959502,0.046728972,0.900311526
Sanliurfa,Harran,2023,4,1132.31,1827.53,30780.92,27587.18,17,15,289,321,0.052959502,0.046728972,0.900311526
Sanliurfa,Hilvan,2023,4,1661.92,1501.56,23637.95,28507.82,17,15,289,321,0.052959502,0.046728972,0.900311526
Sanliurfa,Karakopru,2023,4,6116.98,3935.35,6920.53,11773.54,17,15,289,321,0.052959502,0.046728972,0.900311526
Sanliurfa,Merkez,2023,4,2795.44,8463.61,24347.01,27317.11,17,15,289,321,0.052959502,0.046728972,0.900311526
Sanliurfa,Siverek,2023,4,525.69,884.38,88967.19,95084.07,17,15,289,321,0.052959502,0.046728972,0.900311526
Sanliurfa,Suruc,2023,4,3826.04,3827.91,12128.89,14495.33,17,15,289,321,0.052959502,0.046728972,0.900311526
Sanliurfa,Viransehir,2023,4,554.62,2265.98,81940.73,83518.88,17,15,289,321,0.052959502,0.046728972,0.900311526
Adana,Aladag,2024,1,3920.55,607.25,1632.43,,21,5,160,186,0.112903226,0.02688172,0.860215054
Adana,Ceyhan,2024,1,12085,1550.32,22529.66,,21,5,160,186,0.112903226,0.02688172,0.860215054
Adana,Cukurova,2024,1,3283.02,127.19,2785.48,,21,5,160,186,0.112903226,0.02688172,0.860215054
Adana,Feke,2024,1,4665.97,503.81,709.21,,21,5,160,186,0.112903226,0.02688172,0.860215054
Adana,Imamoglu,2024,1,3585.62,186.27,7450.28,,21,5,160,186,0.112903226,0.02688172,0.860215054
Adana,Karaisali,2024,1,6003.15,285.43,9772.64,,21,5,160,186,0.112903226,0.02688172,0.860215054
Adana,Karatas,2024,1,9933.13,1879.31,8353.73,,21,5,160,186,0.112903226,0.02688172,0.860215054
Adana,Kozan,2024,1,11992.1,576.53,11574.5,,21,5,160,186,0.112903226,0.02688172,0.860215054
Adana,Pozanti,2024,1,4007.78,634.5,180.02,,21,5,160,186,0.112903226,0.02688172,0.860215054
Adana,Saimbeyli,2024,1,6101.74,634.6,1128.56,,21,5,160,186,0.112903226,0.02688172,0.860215054
Adana,Saricam,2024,1,11719.2,1136.27,11553.76,,21,5,160,186,0.112903226,0.02688172,0.860215054
Adana,Seyhan,2024,1,5354.7,715.71,4115.7,,21,5,160,186,0.112903226,0.02688172,0.860215054
Adana,Tufanbeyli,2024,1,11717.7,1107.73,1695.23,,21,5,160,186,0.112903226,0.02688172,0.860215054
Adana,Yumurtalik,2024,1,9044.73,966.77,4203.35,,21,5,160,186,0.112903226,0.02688172,0.860215054
Adana,Yuregir,2024,1,9448.72,2335.1,12070.35,,21,5,160,186,0.112903226,0.02688172,0.860215054
Adana,Aladag,2024,2,3439.76,649.23,1650.17,,18,4,164,186,0.096774194,0.021505376,0.88172043
Adana,Ceyhan,2024,2,12117.7,1501.06,22582.34,,18,4,164,186,0.096774194,0.021505376,0.88172043
Adana,Cukurova,2024,2,3356.39,199.73,2274.75,,18,4,164,186,0.096774194,0.021505376,0.88172043
Adana,Feke,2024,2,4659.87,503.84,710.02,,18,4,164,186,0.096774194,0.021505376,0.88172043
Adana,Imamoglu,2024,2,3652.19,132.93,6622.3,,18,4,164,186,0.096774194,0.021505376,0.88172043
Adana,Karaisali,2024,2,6525.26,565.66,8292,,18,4,164,186,0.096774194,0.021505376,0.88172043
Adana,Karatas,2024,2,5490.46,2134.76,5159.6,,18,4,164,186,0.096774194,0.021505376,0.88172043
Adana,Kozan,2024,2,12254.9,595.94,10837.71,,18,4,164,186,0.096774194,0.021505376,0.88172043
Adana,Pozanti,2024,2,3557.73,1347.11,1209.06,,18,4,164,186,0.096774194,0.021505376,0.88172043
Adana,Saimbeyli,2024,2,6101.74,634.6,1128.56,,18,4,164,186,0.096774194,0.021505376,0.88172043
Adana,Saricam,2024,2,10808.4,517.77,10060.98,,18,4,164,186,0.096774194,0.021505376,0.88172043
Adana,Seyhan,2024,2,4669.89,354.08,2488.02,,18,4,164,186,0.096774194,0.021505376,0.88172043
Adana,Tufanbeyli,2024,2,11717.7,1107.73,1695.23,,18,4,164,186,0.096774194,0.021505376,0.88172043
Adana,Yumurtalik,2024,2,7101.8,743.89,3499.41,,18,4,164,186,0.096774194,0.021505376,0.88172043
Adana,Yuregir,2024,2,6545.79,1407.33,6035.25,,18,4,164,186,0.096774194,0.021505376,0.88172043
Gaziantep,Araban,2024,1,1882.33,2270.98,8031.44,,20,35,172,227,0.088105727,0.154185022,0.757709251
Gaziantep,Islahiye,2024,1,662.3,2416.7,9112.11,,20,35,172,227,0.088105727,0.154185022,0.757709251
Gaziantep,Karkamis,2024,1,3870.79,365.54,927.17,,20,35,172,227,0.088105727,0.154185022,0.757709251
Gaziantep,Merkez,2024,1,2753.47,1501.3,763.13,,20,35,172,227,0.088105727,0.154185022,0.757709251
Gaziantep,Nizip,2024,1,6467.34,974.9,570.01,,20,35,172,227,0.088105727,0.154185022,0.757709251
Gaziantep,Nurdagi,2024,1,646.82,2293.73,7452.08,,20,35,172,227,0.088105727,0.154185022,0.757709251
Gaziantep,Oguzeli,2024,1,8654.92,3430.18,9457.37,,20,35,172,227,0.088105727,0.154185022,0.757709251
Gaziantep,Sahinbey,2024,1,1811.25,1967.12,8081.08,,20,35,172,227,0.088105727,0.154185022,0.757709251
Gaziantep,Yavuzeli,2024,1,2482.1,1213.54,2668.15,,20,35,172,227,0.088105727,0.154185022,0.757709251
Gaziantep,Araban,2024,2,2882.34,91.94,9163.74,,13,7,203,223,0.058295964,0.031390135,0.910313901
Gaziantep,Islahiye,2024,2,1010.9,30.25,11670.24,,13,7,203,223,0.058295964,0.031390135,0.910313901
Gaziantep,Karkamis,2024,2,4524.57,584.27,1014.91,,13,7,203,223,0.058295964,0.031390135,0.910313901
Gaziantep,Merkez,2024,2,3764,48.08,1226.57,,13,7,203,223,0.058295964,0.031390135,0.910313901
Gaziantep,Nizip,2024,2,8041.89,436,721.38,,13,7,203,223,0.058295964,0.031390135,0.910313901
Gaziantep,Nurdagi,2024,2,1082.78,33.11,9705.59,,13,7,203,223,0.058295964,0.031390135,0.910313901
Gaziantep,Oguzeli,2024,2,13268.61,71.71,10758.48,,13,7,203,223,0.058295964,0.031390135,0.910313901
Gaziantep,Sahinbey,2024,2,3014.08,79.85,8738.64,,13,7,203,223,0.058295964,0.031390135,0.910313901
Gaziantep,Yavuzeli,2024,2,3470.63,12.23,2959.92,,13,7,203,223,0.058295964,0.031390135,0.910313901
Kilis,Elbeyli,2024,1,1953.58,1967.96,4688.75,,20,35,172,227,0.088105727,0.154185022,0.757709251
Kilis,Merkez,2024,1,928.84,3016.77,4542.32,,20,35,172,227,0.088105727,0.154185022,0.757709251
Kilis,Musabeyli,2024,1,387.72,1162.5,782.44,,20,35,172,227,0.088105727,0.154185022,0.757709251
Kilis,Polateli,2024,1,236.38,427.57,1802.21,,20,35,172,227,0.088105727,0.154185022,0.757709251
Kilis,Elbeyli,2024,2,3959.2,17,5444.01,,13,7,203,223,0.058295964,0.031390135,0.910313901
Kilis,Merkez,2024,2,3564.6,11.37,4823.12,,13,7,203,223,0.058295964,0.031390135,0.910313901
Kilis,Musabeyli,2024,2,1231.58,6,1036.16,,13,7,203,223,0.058295964,0.031390135,0.910313901
Kilis,Polateli,2024,2,436.16,3.07,1967.72,,13,7,203,223,0.058295964,0.031390135,0.910313901
Mardin,Dargecit,2024,1,740.38,201.73,108.07,,66,32,63,161,0.409937888,0.198757764,0.391304348
Mardin,Derik,2024,1,38756.78,12059.32,9539.42,,66,32,63,161,0.409937888,0.198757764,0.391304348
Mardin,Kiziltepe,2024,1,61090.06,9883.37,12468.93,,66,32,63,161,0.409937888,0.198757764,0.391304348
Mardin,Mazidagi,2024,1,1505.25,449.85,973.68,,66,32,63,161,0.409937888,0.198757764,0.391304348
Mardin,Merkez,2024,1,8253.76,3120.74,6895.27,,66,32,63,161,0.409937888,0.198757764,0.391304348
Mardin,Midyat,2024,1,7627.89,1387.39,676.55,,66,32,63,161,0.409937888,0.198757764,0.391304348
Mardin,Nusaybin,2024,1,2857.35,1991.95,9080.24,,66,32,63,161,0.409937888,0.198757764,0.391304348
Mardin,Omerli,2024,1,1513.34,90.51,155.82,,66,32,63,161,0.409937888,0.198757764,0.391304348
Mardin,Savur,2024,1,2983.54,307.46,1812.55,,66,32,63,161,0.409937888,0.198757764,0.391304348
Mardin,Yesilli,2024,1,242.49,121.18,301.09,,66,32,63,161,0.409937888,0.198757764,0.391304348
Mardin,Dargecit,2024,2,182.93,48.75,38.15,,27,30,67,124,0.217741935,0.241935484,0.540322581
Mardin,Derik,2024,2,15681.28,26043.71,21002.59,,27,30,67,124,0.217741935,0.241935484,0.540322581
Mardin,Kiziltepe,2024,2,29093.27,36319.25,22919.59,,27,30,67,124,0.217741935,0.241935484,0.540322581
Mardin,Mazidagi,2024,2,743.25,764.03,1249.45,,27,30,67,124,0.217741935,0.241935484,0.540322581
Mardin,Merkez,2024,2,1712.85,4792.49,12166.55,,27,30,67,124,0.217741935,0.241935484,0.540322581
Mardin,Midyat,2024,2,2550.4,234.52,942.93,,27,30,67,124,0.217741935,0.241935484,0.540322581
Mardin,Nusaybin,2024,2,236.1,452.57,19426.12,,27,30,67,124,0.217741935,0.241935484,0.540322581
Mardin,Omerli,2024,2,505.04,72.72,54.65,,27,30,67,124,0.217741935,0.241935484,0.540322581
Mardin,Savur,2024,2,1330.6,1119.31,2006.29,,27,30,67,124,0.217741935,0.241935484,0.540322581
Mardin,Yesilli,2024,2,73.03,173.75,360.08,,27,30,67,124,0.217741935,0.241935484,0.540322581
Sanliurfa,Akcakale,2024,1,1172.93,19183.45,19596.28,,90,106,340,536,0.167910448,0.197761194,0.634328358
Sanliurfa,Birecik,2024,1,12066.99,10272.26,7216.97,,90,106,340,536,0.167910448,0.197761194,0.634328358
Sanliurfa,Bozova,2024,1,26025.24,13755.98,7106.77,,90,106,340,536,0.167910448,0.197761194,0.634328358
Sanliurfa,Ceylanpinar,2024,1,981.84,25430.18,39736.23,,90,106,340,536,0.167910448,0.197761194,0.634328358
Sanliurfa,Halfeti,2024,1,8163.72,4535.59,1962.56,,90,106,340,536,0.167910448,0.197761194,0.634328358
Sanliurfa,Haliliye,2024,1,2989.26,27031.07,20005.95,,90,106,340,536,0.167910448,0.197761194,0.634328358
Sanliurfa,Harran,2024,1,605.15,15070.22,12476.77,,90,106,340,536,0.167910448,0.197761194,0.634328358
Sanliurfa,Hilvan,2024,1,4732.82,17561.96,20993.32,,90,106,340,536,0.167910448,0.197761194,0.634328358
Sanliurfa,Karakopru,2024,1,14420.49,20386.8,6254.42,,90,106,340,536,0.167910448,0.197761194,0.634328358
Sanliurfa,Merkez,2024,1,1966.63,14255.26,16214.67,,90,106,340,536,0.167910448,0.197761194,0.634328358
Sanliurfa,Siverek,2024,1,14081.45,91203.3,53533.8,,90,106,340,536,0.167910448,0.197761194,0.634328358
Sanliurfa,Suruc,2024,1,22540.23,10628.5,10906.89,,90,106,340,536,0.167910448,0.197761194,0.634328358
Sanliurfa,Viransehir,2024,1,3745.06,39061.15,44827.27,,90,106,340,536,0.167910448,0.197761194,0.634328358
Sanliurfa,Akcakale,2024,2,130.81,540.41,30298.03,,22,65,452,539,0.040816327,0.120593692,0.838589981
Sanliurfa,Birecik,2024,2,2576.55,5594.59,10423.67,,22,65,452,539,0.040816327,0.120593692,0.838589981
Sanliurfa,Bozova,2024,2,3409.4,9881.71,11300.32,,22,65,452,539,0.040816327,0.120593692,0.838589981
Sanliurfa,Ceylanpinar,2024,2,123.02,575.13,56668.5,,22,65,452,539,0.040816327,0.120593692,0.838589981
Sanliurfa,Halfeti,2024,2,1415.72,5920.76,2878.7,,22,65,452,539,0.040816327,0.120593692,0.838589981
Sanliurfa,Haliliye,2024,2,116.94,690.08,32067.86,,22,65,452,539,0.040816327,0.120593692,0.838589981
Sanliurfa,Harran,2024,2,36.31,236.95,20931.35,,22,65,452,539,0.040816327,0.120593692,0.838589981
Sanliurfa,Hilvan,2024,2,325.87,1952.71,29363.58,,22,65,452,539,0.040816327,0.120593692,0.838589981
Sanliurfa,Karakopru,2024,2,1280.85,5005.02,12322.69,,22,65,452,539,0.040816327,0.120593692,0.838589981
Sanliurfa,Merkez,2024,2,165.46,941.68,22943.84,,22,65,452,539,0.040816327,0.120593692,0.838589981
Sanliurfa,Siverek,2024,2,1874.82,8836.86,75688.51,,22,65,452,539,0.040816327,0.120593692,0.838589981
Sanliurfa,Suruc,2024,2,4515.48,15028.08,17630.34,,22,65,452,539,0.040816327,0.120593692,0.838589981
Sanliurfa,Viransehir,2024,2,201.22,2969.51,65567.82,,22,65,452,539,0.040816327,0.120593692,0.838589981
